desc,link,title
,/t/169824,我开发了一款白酒
,/t/169686,有人愿意参与一下，我设计了 3 个心理问题。捂脸。
,/t/169758,以后网购要加上，“请不要使用韵达快递发货”了
,/t/169679,int a = 0; a = (++a) + (++a) + (++a) + (++a);为什么 a 最终等于 11
,/t/169692,细数中国移动宽带的丑恶行为！珍爱生命远离移动！
,/t/169750,看看我的办公电脑配置，我自己都醉了，两年了....
,/t/169868,都要被电信气死了 ...
,/t/169875,鲁炜称没有一个国家的网民像中国一样自由
,/t/169717,"""你最喜欢的算法""...这道题应该怎么答呢?"
,/t/169761,妈妈再也不用担心搭建 Shadowsocks 麻烦啦！ VPS 管理后台一键部署 SS！不需要敲任何命令~
desc,link,title
,http://v2ex.com//t/169824,我开发了一款白酒
,http://v2ex.com//t/169686,有人愿意参与一下，我设计了 3 个心理问题。捂脸。
,http://v2ex.com//t/169758,以后网购要加上，“请不要使用韵达快递发货”了
,http://v2ex.com//t/169679,int a = 0; a = (++a) + (++a) + (++a) + (++a);为什么 a 最终等于 11
,http://v2ex.com//t/169692,细数中国移动宽带的丑恶行为！珍爱生命远离移动！
,http://v2ex.com//t/169750,看看我的办公电脑配置，我自己都醉了，两年了....
,http://v2ex.com//t/169868,都要被电信气死了 ...
,http://v2ex.com//t/169875,鲁炜称没有一个国家的网民像中国一样自由
,http://v2ex.com//t/169717,"""你最喜欢的算法""...这道题应该怎么答呢?"
,http://v2ex.com//t/169769,大家有没有出去打个电话或者去上个洗手间都把电脑 win+L 锁起来的习惯?
